{
  "run_name": "arch_moe_shared_seed42",
  "step": 1000,
  "elapsed_seconds": 131.3425,
  "gpu_hours": 0.036484,
  "hourly_rate": 2.18,
  "currency": "CNY",
  "estimated_cost": 0.0795,
  "model_params": 4038336,
  "activated_params_estimate": 2268864,
  "hardware": {
    "hostname": "autodl-container-dd9f46bdad-a114517e",
    "platform": "Linux-5.15.0-84-generic-x86_64-with-glibc2.35",
    "torch_version": "2.8.0+cu128",
    "cuda_available": true,
    "cuda_version": "12.8",
    "device_index": 0,
    "gpu_name": "NVIDIA GeForce RTX 4090",
    "gpu_total_memory_gb": 23.5165,
    "compute_capability": "8.9",
    "device_count": 1
  },
  "max_memory_allocated_gb": 0.209,
  "max_memory_reserved_gb": 0.2266,
  "config_path": "experiments/architecture_lab_runs/configs/moe_shared_seed42.json",
  "data_path": "data/tinystories.jsonl",
  "checkpoint_path": "out/architecture_lab/arch_moe_shared_seed42_last.pt",
  "history_path": "out/architecture_lab/arch_moe_shared_seed42_history.jsonl",
  "last_loss": 0.7865483164787292,
  "last_lm_loss": 0.7460830807685852,
  "val_loss": 0.7080791710853577,
  "val_lm_loss": 0.7080791710853577,
  "val_objective": 0.7485498789781199,
  "val_mtp_loss": 0.0,
  "val_aux_loss": 0.040411240555131775,
  "batch_size": 16,
  "grad_accum_steps": 1,
  "max_seq_len": 128,
  "dtype": "bfloat16",
  "router_balance_strategy": "aux",
  "mtp_depth": 0,
  "mtp_loss_weight": 0.1,
  "estimated_train_tokens": 2048000,
  "train_compute_seconds": 67.2085,
  "training_tokens_per_second": 30472.33,
  "throughput_note": "Training compute only; excludes data loading, validation, and checkpoint writes.",
  "estimated_training_flops": 27879800832000,
  "flops_note": "Rough 6 * activated_params * tokens estimate for tutorial-scale comparison.",
  "expert_load": {
    "top_k": 3,
    "num_experts": 7,
    "total_counts": [
      1730,
      1753,
      1759,
      1823,
      1704,
      1769,
      1750
    ],
    "total_fractions": [
      0.14078776041666666,
      0.14265950520833334,
      0.14314778645833334,
      0.14835611979166666,
      0.138671875,
      0.14396158854166666,
      0.14241536458333334
    ],
    "per_layer": [
      {
        "layer": 0,
        "counts": [
          412,
          376,
          456,
          443,
          472,
          447,
          466
        ],
        "fractions": [
          0.13411458333333334,
          0.12239583333333333,
          0.1484375,
          0.14420572916666666,
          0.15364583333333334,
          0.1455078125,
          0.15169270833333334
        ],
        "selection_bias": [
          0.0,
          0.0,
          0.0,
          0.0,
          0.0,
          0.0,
          0.0
        ]
      },
      {
        "layer": 1,
        "counts": [
          408,
          471,
          388,
          462,
          422,
          490,
          431
        ],
        "fractions": [
          0.1328125,
          0.1533203125,
          0.12630208333333334,
          0.150390625,
          0.13736979166666666,
          0.15950520833333334,
          0.14029947916666666
        ],
        "selection_bias": [
          0.0,
          0.0,
          0.0,
          0.0,
          0.0,
          0.0,
          0.0
        ]
      },
      {
        "layer": 2,
        "counts": [
          441,
          487,
          500,
          437,
          395,
          426,
          386
        ],
        "fractions": [
          0.1435546875,
          0.15852864583333334,
          0.16276041666666666,
          0.14225260416666666,
          0.12858072916666666,
          0.138671875,
          0.12565104166666666
        ],
        "selection_bias": [
          0.0,
          0.0,
          0.0,
          0.0,
          0.0,
          0.0,
          0.0
        ]
      },
      {
        "layer": 3,
        "counts": [
          469,
          419,
          415,
          481,
          415,
          406,
          467
        ],
        "fractions": [
          0.15266927083333334,
          0.13639322916666666,
          0.13509114583333334,
          0.15657552083333334,
          0.13509114583333334,
          0.13216145833333334,
          0.15201822916666666
        ],
        "selection_bias": [
          0.0,
          0.0,
          0.0,
          0.0,
          0.0,
          0.0,
          0.0
        ]
      }
    ]
  }
}
